No,Tanggal,Komoditas,Harga (Rp/Kg),Daerah
1,2023-12-14,Beras Medium,11933,Kabupaten Gunung Kidul
2,2023-12-14,Beras Termurah,10800,Provinsi D I Yogyakarta
3,2023-12-14,Gula Pasir,16500,Kabupaten Kulon Progo
4,2023-12-14,Minyak Goreng Kemasan,15000,Provinsi D I Yogyakarta
5,2023-12-14,Daging Ayam,33000,Kabupaten Gunung Kidul
6,2023-12-14,Telur Ayam,26000,Kabupaten Sleman
7,2023-12-14,Daging Sapi,130000,Provinsi D I Yogyakarta
8,2023-12-14,Bawang Merah,25000,Kabupaten Sleman
9,2023-12-14,Cabe Merah Keriting,70000,Kabupaten Bantul
10,2023-12-14,Cabe Merah Besar,80000,Kabupaten Gunung Kidul
11,2023-12-14,Jagung,7000,Provinsi D I Yogyakarta
12,2023-12-14,Kedelai,12500,Kabupaten Bantul
13,2023-12-14,Bawang Putih Kating,35000,Kotamadya Yogyakarta
14,2023-12-14,Terigu,10000,Provinsi D I Yogyakarta
15,2023-12-14,Ubi Jalar,5000,Kotamadya Yogyakarta
16,2023-12-14,Bawang Bonggol,32000,Kabupaten Sleman
17,2023-12-14,Cabe Rawit Merah,75000,Kabupaten Sleman
18,2023-12-14,Beras premium,14000,Provinsi D I Yogyakarta
19,2023-12-14,Minyak Goreng Curah,14000,Kabupaten Kulon Progo
20,2023-12-11,Beras Medium,11933,Provinsi D I Yogyakarta
21,2023-12-11,Beras Termurah,10800,Kabupaten Bantul
22,2023-12-11,Gula Pasir,17000,Kabupaten Bantul
23,2023-12-11,Minyak Goreng Kemasan,15000,Kabupaten Sleman
24,2023-12-11,Daging Ayam,33000,Provinsi D I Yogyakarta
25,2023-12-11,Telur Ayam,26000,Kabupaten Sleman
26,2023-12-11,Daging Sapi,130000,Provinsi D I Yogyakarta
27,2023-12-11,Bawang Merah,23000,Provinsi D I Yogyakarta
28,2023-12-11,Cabe Merah Keriting,75000,Provinsi D I Yogyakarta
29,2023-12-11,Cabe Merah Besar,80000,Kabupaten Gunung Kidul
30,2023-12-11,Jagung,7000,Kabupaten Gunung Kidul
31,2023-12-11,Kedelai,12500,Provinsi D I Yogyakarta
32,2023-12-11,Bawang Putih Kating,35000,Kabupaten Bantul
33,2023-12-11,Terigu,10000,Kabupaten Sleman
34,2023-12-11,Ubi Jalar,5000,Kabupaten Bantul
35,2023-12-11,Bawang Bonggol,30000,Kabupaten Sleman
36,2023-12-11,Cabe Rawit Merah,85000,Kotamadya Yogyakarta
37,2023-12-11,Beras premium,14000,Kabupaten Sleman
38,2023-12-11,Minyak Goreng Curah,14000,Kabupaten Kulon Progo
39,2023-12-07,Beras Medium,11933,Kabupaten Kulon Progo
40,2023-12-07,Beras Termurah,10800,Kabupaten Sleman
41,2023-12-07,Gula Pasir,17000,Kabupaten Bantul
42,2023-12-07,Minyak Goreng Kemasan,15000,Kabupaten Gunung Kidul
43,2023-12-07,Daging Ayam,32000,Kabupaten Kulon Progo
44,2023-12-07,Telur Ayam,27000,Kabupaten Bantul
45,2023-12-07,Daging Sapi,130000,Kabupaten Sleman
46,2023-12-07,Bawang Merah,21000,Kabupaten Kulon Progo
47,2023-12-07,Cabe Merah Keriting,70000,Kotamadya Yogyakarta
48,2023-12-07,Cabe Merah Besar,80000,Kabupaten Gunung Kidul
49,2023-12-07,Jagung,7000,Kabupaten Bantul
50,2023-12-07,Kedelai,12500,Provinsi D I Yogyakarta
51,2023-12-07,Bawang Putih Kating,33000,Kabupaten Bantul
52,2023-12-07,Terigu,10000,Kotamadya Yogyakarta
53,2023-12-07,Ubi Jalar,5000,Kabupaten Kulon Progo
54,2023-12-07,Bawang Bonggol,28000,Kabupaten Kulon Progo
55,2023-12-07,Cabe Rawit Merah,85000,Kabupaten Sleman
56,2023-12-07,Beras premium,14000,Kabupaten Sleman
57,2023-12-07,Minyak Goreng Curah,14000,Kabupaten Kulon Progo
58,2023-12-04,Beras Medium,11933,Kabupaten Kulon Progo
59,2023-12-04,Beras Termurah,10800,Kotamadya Yogyakarta
60,2023-12-04,Gula Pasir,17000,Kabupaten Sleman
61,2023-12-04,Minyak Goreng Kemasan,15000,Kabupaten Sleman
62,2023-12-04,Daging Ayam,32000,Kotamadya Yogyakarta
63,2023-12-04,Telur Ayam,27000,Kotamadya Yogyakarta
64,2023-12-04,Daging Sapi,130000,Kabupaten Gunung Kidul
65,2023-12-04,Bawang Merah,21000,Kabupaten Kulon Progo
66,2023-12-04,Cabe Merah Keriting,70000,Kabupaten Bantul
67,2023-12-04,Cabe Merah Besar,80000,Kabupaten Bantul
68,2023-12-04,Jagung,7000,Kabupaten Bantul
69,2023-12-04,Kedelai,12500,Kotamadya Yogyakarta
70,2023-12-04,Bawang Putih Kating,33000,Provinsi D I Yogyakarta
71,2023-12-04,Terigu,10000,Provinsi D I Yogyakarta
72,2023-12-04,Ubi Jalar,5000,Provinsi D I Yogyakarta
73,2023-12-04,Bawang Bonggol,28000,Kabupaten Bantul
74,2023-12-04,Cabe Rawit Merah,80000,Kotamadya Yogyakarta
75,2023-12-04,Beras premium,14000,Kabupaten Sleman
76,2023-12-04,Minyak Goreng Curah,14000,Kotamadya Yogyakarta
77,2023-11-30,Beras Medium,11933,Kabupaten Gunung Kidul
78,2023-11-30,Beras Termurah,10800,Kabupaten Kulon Progo
79,2023-11-30,Gula Pasir,17000,Provinsi D I Yogyakarta
80,2023-11-30,Minyak Goreng Kemasan,15000,Kotamadya Yogyakarta
81,2023-11-30,Daging Ayam,32000,Kabupaten Sleman
82,2023-11-30,Telur Ayam,27000,Kabupaten Sleman
83,2023-11-30,Daging Sapi,130000,Kabupaten Bantul
84,2023-11-30,Bawang Merah,21000,Kotamadya Yogyakarta
85,2023-11-30,Cabe Merah Keriting,65000,Kabupaten Bantul
86,2023-11-30,Cabe Merah Besar,65000,Kabupaten Kulon Progo
87,2023-11-30,Jagung,7000,Provinsi D I Yogyakarta
88,2023-11-30,Kedelai,12500,Kabupaten Bantul
89,2023-11-30,Bawang Putih Kating,33000,Kabupaten Bantul
90,2023-11-30,Terigu,10000,Kotamadya Yogyakarta
91,2023-11-30,Ubi Jalar,5000,Kabupaten Kulon Progo
92,2023-11-30,Bawang Bonggol,28000,Kabupaten Gunung Kidul
93,2023-11-30,Cabe Rawit Merah,85000,Kabupaten Kulon Progo
94,2023-11-30,Beras premium,14000,Kabupaten Kulon Progo
95,2023-11-30,Minyak Goreng Curah,14000,Kabupaten Sleman
96,2023-11-27,Beras Medium,11933,Kotamadya Yogyakarta
97,2023-11-27,Beras Termurah,10800,Kotamadya Yogyakarta
98,2023-11-27,Gula Pasir,17000,Kabupaten Gunung Kidul
99,2023-11-27,Minyak Goreng Kemasan,15000,Kotamadya Yogyakarta
100,2023-11-27,Daging Ayam,34000,Kabupaten Kulon Progo
101,2023-11-27,Telur Ayam,27000,Kabupaten Kulon Progo
102,2023-11-27,Daging Sapi,130000,Kabupaten Kulon Progo
103,2023-11-27,Bawang Merah,21000,Kotamadya Yogyakarta
104,2023-11-27,Cabe Merah Keriting,60000,Kabupaten Gunung Kidul
105,2023-11-27,Cabe Merah Besar,60000,Kabupaten Bantul
106,2023-11-27,Jagung,7000,Kabupaten Gunung Kidul
107,2023-11-27,Kedelai,12500,Provinsi D I Yogyakarta
108,2023-11-27,Bawang Putih Kating,33000,Kabupaten Gunung Kidul
109,2023-11-27,Terigu,10000,Provinsi D I Yogyakarta
110,2023-11-27,Ubi Jalar,5000,Kabupaten Bantul
111,2023-11-27,Bawang Bonggol,28000,Provinsi D I Yogyakarta
112,2023-11-27,Cabe Rawit Merah,80000,Kabupaten Bantul
113,2023-11-27,Beras premium,14000,Kotamadya Yogyakarta
114,2023-11-27,Minyak Goreng Curah,13500,Kotamadya Yogyakarta
115,2023-11-13,Beras Medium,11933,Kabupaten Gunung Kidul
116,2023-11-13,Beras Termurah,10800,Kabupaten Bantul
117,2023-11-13,Gula Pasir,17000,Kabupaten Kulon Progo
118,2023-11-13,Minyak Goreng Kemasan,15000,Provinsi D I Yogyakarta
119,2023-11-13,Daging Ayam,35000,Kabupaten Sleman
120,2023-11-13,Telur Ayam,28000,Kabupaten Sleman
121,2023-11-13,Daging Sapi,130000,Kabupaten Gunung Kidul
122,2023-11-13,Bawang Merah,22000,Kabupaten Bantul
123,2023-11-13,Cabe Merah Keriting,65000,Kabupaten Kulon Progo
124,2023-11-13,Cabe Merah Besar,50000,Provinsi D I Yogyakarta
125,2023-11-13,Jagung,7000,Kabupaten Gunung Kidul
126,2023-11-13,Kedelai,11500,Kabupaten Gunung Kidul
127,2023-11-13,Bawang Putih Kating,33000,Provinsi D I Yogyakarta
128,2023-11-13,Terigu,10000,Kabupaten Kulon Progo
129,2023-11-13,Ubi Jalar,5000,Kabupaten Kulon Progo
130,2023-11-13,Bawang Bonggol,28000,Kabupaten Gunung Kidul
131,2023-11-13,Cabe Rawit Merah,65000,Kabupaten Bantul
132,2023-11-13,Beras premium,14000,Kabupaten Kulon Progo
133,2023-11-13,Minyak Goreng Curah,13000,Kabupaten Bantul
134,2023-11-10,Beras Medium,11933,Provinsi D I Yogyakarta
135,2023-11-10,Beras Termurah,10800,Kabupaten Kulon Progo
136,2023-11-10,Gula Pasir,16000,Kabupaten Kulon Progo
137,2023-11-10,Minyak Goreng Kemasan,15000,Kotamadya Yogyakarta
138,2023-11-10,Daging Ayam,34000,Kabupaten Bantul
139,2023-11-10,Telur Ayam,27000,Kabupaten Kulon Progo
140,2023-11-10,Daging Sapi,130000,Kabupaten Kulon Progo
141,2023-11-10,Bawang Merah,18000,Kabupaten Kulon Progo
142,2023-11-10,Cabe Merah Keriting,60000,Kabupaten Kulon Progo
143,2023-11-10,Cabe Merah Besar,40000,Kabupaten Gunung Kidul
144,2023-11-10,Jagung,7000,Kabupaten Kulon Progo
145,2023-11-10,Kedelai,11500,Kabupaten Bantul
146,2023-11-10,Bawang Putih Kating,35000,Kotamadya Yogyakarta
147,2023-11-10,Terigu,10000,Kabupaten Kulon Progo
148,2023-11-10,Ubi Jalar,5000,Kabupaten Kulon Progo
149,2023-11-10,Bawang Bonggol,33000,Kabupaten Sleman
150,2023-11-10,Cabe Rawit Merah,70000,Kabupaten Gunung Kidul
151,2023-11-10,Beras premium,14000,Kabupaten Gunung Kidul
152,2023-11-10,Minyak Goreng Curah,13000,Kabupaten Bantul
153,2023-11-06,Beras Medium,11933,Kotamadya Yogyakarta
154,2023-11-06,Beras Termurah,10800,Kabupaten Kulon Progo
155,2023-11-06,Gula Pasir,16000,Kabupaten Kulon Progo
156,2023-11-06,Minyak Goreng Kemasan,15000,Kabupaten Sleman
157,2023-11-06,Daging Ayam,35000,Kabupaten Gunung Kidul
158,2023-11-06,Telur Ayam,27000,Provinsi D I Yogyakarta
159,2023-11-06,Daging Sapi,130000,Kotamadya Yogyakarta
160,2023-11-06,Bawang Merah,18000,Kotamadya Yogyakarta
161,2023-11-06,Cabe Merah Keriting,60000,Provinsi D I Yogyakarta
162,2023-11-06,Cabe Merah Besar,40000,Kabupaten Bantul
163,2023-11-06,Jagung,7000,Kotamadya Yogyakarta
164,2023-11-06,Kedelai,11500,Kabupaten Kulon Progo
165,2023-11-06,Bawang Putih Kating,35000,Kabupaten Bantul
166,2023-11-06,Terigu,10000,Provinsi D I Yogyakarta
167,2023-11-06,Ubi Jalar,5000,Kotamadya Yogyakarta
168,2023-11-06,Bawang Bonggol,33000,Kabupaten Kulon Progo
169,2023-11-06,Cabe Rawit Merah,70000,Kabupaten Sleman
170,2023-11-06,Beras premium,14000,Kabupaten Kulon Progo
171,2023-11-06,Minyak Goreng Curah,13000,Kabupaten Sleman
172,2023-10-30,Beras Medium,11933,Kabupaten Bantul
173,2023-10-30,Beras Termurah,10800,Kabupaten Kulon Progo
174,2023-10-30,Gula Pasir,16000,Kabupaten Sleman
175,2023-10-30,Minyak Goreng Kemasan,15000,Kotamadya Yogyakarta
176,2023-10-30,Daging Ayam,35000,Kabupaten Kulon Progo
177,2023-10-30,Telur Ayam,25000,Kotamadya Yogyakarta
178,2023-10-30,Daging Sapi,130000,Kabupaten Sleman
179,2023-10-30,Bawang Merah,16000,Kotamadya Yogyakarta
180,2023-10-30,Cabe Merah Keriting,35000,Provinsi D I Yogyakarta
181,2023-10-30,Cabe Merah Besar,35000,Provinsi D I Yogyakarta
182,2023-10-30,Jagung,7000,Kotamadya Yogyakarta
183,2023-10-30,Kedelai,11500,Kabupaten Sleman
184,2023-10-30,Bawang Putih Kating,35000,Kabupaten Gunung Kidul
185,2023-10-30,Terigu,10000,Kabupaten Bantul
186,2023-10-30,Ubi Jalar,5000,Kabupaten Bantul
187,2023-10-30,Bawang Bonggol,33000,Kabupaten Sleman
188,2023-10-30,Cabe Rawit Merah,65000,Kabupaten Kulon Progo
189,2023-10-30,Beras premium,14000,Kabupaten Sleman
190,2023-10-30,Minyak Goreng Curah,13000,Kabupaten Sleman
191,2023-10-26,Beras Medium,11933,Kabupaten Bantul
192,2023-10-26,Beras Termurah,10800,Kabupaten Sleman
193,2023-10-26,Gula Pasir,16000,Kabupaten Bantul
194,2023-10-26,Minyak Goreng Kemasan,15000,Kotamadya Yogyakarta
195,2023-10-26,Daging Ayam,35000,Kabupaten Bantul
196,2023-10-26,Telur Ayam,25000,Kabupaten Kulon Progo
197,2023-10-26,Daging Sapi,130000,Kabupaten Sleman
198,2023-10-26,Bawang Merah,15000,Kabupaten Gunung Kidul
199,2023-10-26,Cabe Merah Keriting,35000,Kabupaten Gunung Kidul
200,2023-10-26,Cabe Merah Besar,35000,Kabupaten Bantul
201,2023-10-26,Jagung,7000,Kabupaten Kulon Progo
202,2023-10-26,Kedelai,11500,Kabupaten Kulon Progo
203,2023-10-26,Bawang Putih Kating,35000,Kabupaten Sleman
204,2023-10-26,Terigu,10000,Kotamadya Yogyakarta
205,2023-10-26,Ubi Jalar,5000,Kotamadya Yogyakarta
206,2023-10-26,Bawang Bonggol,33000,Kotamadya Yogyakarta
207,2023-10-26,Cabe Rawit Merah,55000,Kotamadya Yogyakarta
208,2023-10-26,Beras premium,14000,Kabupaten Sleman
209,2023-10-26,Minyak Goreng Curah,13000,Kabupaten Gunung Kidul
210,2023-10-16,Beras Medium,11933,Kabupaten Gunung Kidul
211,2023-10-16,Beras Termurah,10800,Kabupaten Gunung Kidul
212,2023-10-16,Gula Pasir,15000,Kabupaten Gunung Kidul
213,2023-10-16,Minyak Goreng Kemasan,15000,Provinsi D I Yogyakarta
214,2023-10-16,Daging Ayam,35000,Kabupaten Kulon Progo
215,2023-10-16,Telur Ayam,25000,Kabupaten Sleman
216,2023-10-16,Daging Sapi,130000,Kabupaten Bantul
217,2023-10-16,Bawang Merah,15000,Kotamadya Yogyakarta
218,2023-10-16,Cabe Merah Keriting,32000,Kotamadya Yogyakarta
219,2023-10-16,Cabe Merah Besar,38000,Kabupaten Gunung Kidul
220,2023-10-16,Jagung,7000,Kabupaten Bantul
221,2023-10-16,Kedelai,10500,Kabupaten Gunung Kidul
222,2023-10-16,Bawang Putih Kating,35000,Kabupaten Sleman
223,2023-10-16,Terigu,10000,Provinsi D I Yogyakarta
224,2023-10-16,Ubi Jalar,5000,Kabupaten Sleman
225,2023-10-16,Bawang Bonggol,33000,Kabupaten Bantul
226,2023-10-16,Cabe Rawit Merah,37000,Kabupaten Sleman
227,2023-10-16,Beras premium,14000,Kabupaten Sleman
228,2023-10-16,Minyak Goreng Curah,13000,Kabupaten Gunung Kidul
229,2023-10-09,Beras Medium,13000,Kabupaten Gunung Kidul
230,2023-10-09,Beras Termurah,10800,Kabupaten Bantul
231,2023-10-09,Gula Pasir,15000,Provinsi D I Yogyakarta
232,2023-10-09,Minyak Goreng Kemasan,14000,Kabupaten Bantul
233,2023-10-09,Daging Ayam,35000,Kabupaten Gunung Kidul
234,2023-10-09,Telur Ayam,25000,Kabupaten Sleman
235,2023-10-09,Daging Sapi,130000,Kabupaten Sleman
236,2023-10-09,Bawang Merah,16000,Kotamadya Yogyakarta
237,2023-10-09,Cabe Merah Keriting,30000,Kabupaten Gunung Kidul
238,2023-10-09,Cabe Merah Besar,45000,Kabupaten Gunung Kidul
239,2023-10-09,Jagung,7000,Kotamadya Yogyakarta
240,2023-10-09,Kedelai,10500,Kabupaten Bantul
241,2023-10-09,Bawang Putih Kating,35000,Kabupaten Sleman
242,2023-10-09,Terigu,10000,Kotamadya Yogyakarta
243,2023-10-09,Ubi Jalar,5000,Kabupaten Gunung Kidul
244,2023-10-09,Bawang Bonggol,33000,Kabupaten Sleman
245,2023-10-09,Cabe Rawit Merah,40000,Kabupaten Kulon Progo
246,2023-10-09,Beras premium,14000,Provinsi D I Yogyakarta
247,2023-10-09,Minyak Goreng Curah,13000,Kabupaten Kulon Progo
248,2023-10-05,Beras Medium,13000,Kabupaten Bantul
249,2023-10-05,Beras Termurah,10800,Kotamadya Yogyakarta
250,2023-10-05,Gula Pasir,15000,Provinsi D I Yogyakarta
251,2023-10-05,Minyak Goreng Kemasan,14000,Kabupaten Sleman
252,2023-10-05,Daging Ayam,34000,Kotamadya Yogyakarta
253,2023-10-05,Telur Ayam,25000,Provinsi D I Yogyakarta
254,2023-10-05,Daging Sapi,130000,Kabupaten Bantul
255,2023-10-05,Bawang Merah,16000,Kabupaten Gunung Kidul
256,2023-10-05,Cabe Merah Keriting,35000,Kabupaten Gunung Kidul
257,2023-10-05,Cabe Merah Besar,45000,Kabupaten Sleman
258,2023-10-05,Jagung,7000,Kotamadya Yogyakarta
259,2023-10-05,Kedelai,10500,Kabupaten Gunung Kidul
260,2023-10-05,Bawang Putih Kating,35000,Kotamadya Yogyakarta
261,2023-10-05,Terigu,10000,Kabupaten Bantul
262,2023-10-05,Ubi Jalar,5000,Kabupaten Gunung Kidul
263,2023-10-05,Bawang Bonggol,33000,Kabupaten Kulon Progo
264,2023-10-05,Cabe Rawit Merah,35000,Kotamadya Yogyakarta
265,2023-10-05,Beras premium,14000,Kabupaten Sleman
266,2023-10-05,Minyak Goreng Curah,13000,Kabupaten Kulon Progo
267,2023-10-02,Beras Medium,13000,Kabupaten Bantul
268,2023-10-02,Beras Termurah,10800,Kabupaten Bantul
269,2023-10-02,Gula Pasir,15000,Kabupaten Sleman
270,2023-10-02,Minyak Goreng Kemasan,14000,Kabupaten Sleman
271,2023-10-02,Daging Ayam,34000,Kabupaten Kulon Progo
272,2023-10-02,Telur Ayam,25000,Kabupaten Kulon Progo
273,2023-10-02,Daging Sapi,130000,Kabupaten Sleman
274,2023-10-02,Bawang Merah,15000,Kabupaten Kulon Progo
275,2023-10-02,Cabe Merah Keriting,35000,Provinsi D I Yogyakarta
276,2023-10-02,Cabe Merah Besar,45000,Kabupaten Kulon Progo
277,2023-10-02,Jagung,7000,Kabupaten Gunung Kidul
278,2023-10-02,Kedelai,10500,Kabupaten Bantul
279,2023-10-02,Bawang Putih Kating,35000,Kabupaten Sleman
280,2023-10-02,Terigu,10000,Kabupaten Gunung Kidul
281,2023-10-02,Ubi Jalar,5000,Kabupaten Bantul
282,2023-10-02,Bawang Bonggol,33000,Kabupaten Gunung Kidul
283,2023-10-02,Cabe Rawit Merah,35000,Kabupaten Sleman
284,2023-10-02,Beras premium,14000,Provinsi D I Yogyakarta
285,2023-10-02,Minyak Goreng Curah,13000,Kabupaten Sleman
286,2023-09-29,Beras Medium,13000,Kabupaten Bantul
287,2023-09-29,Beras Termurah,10800,Kabupaten Gunung Kidul
288,2023-09-29,Gula Pasir,15000,Kotamadya Yogyakarta
289,2023-09-29,Minyak Goreng Kemasan,14000,Kabupaten Sleman
290,2023-09-29,Daging Ayam,34000,Kabupaten Kulon Progo
291,2023-09-29,Telur Ayam,24000,Kabupaten Bantul
292,2023-09-29,Daging Sapi,130000,Kabupaten Gunung Kidul
293,2023-09-29,Bawang Merah,15000,Provinsi D I Yogyakarta
294,2023-09-29,Cabe Merah Keriting,30000,Kabupaten Sleman
295,2023-09-29,Cabe Merah Besar,35000,Provinsi D I Yogyakarta
296,2023-09-29,Jagung,7000,Provinsi D I Yogyakarta
297,2023-09-29,Kedelai,10500,Kotamadya Yogyakarta
298,2023-09-29,Bawang Putih Kating,35000,Kotamadya Yogyakarta
299,2023-09-29,Terigu,10000,Kabupaten Gunung Kidul
300,2023-09-29,Ubi Jalar,5000,Kabupaten Sleman
301,2023-09-29,Bawang Bonggol,33000,Provinsi D I Yogyakarta
302,2023-09-29,Cabe Rawit Merah,25000,Kabupaten Sleman
303,2023-09-29,Beras premium,14000,Kabupaten Kulon Progo
304,2023-09-29,Minyak Goreng Curah,13000,Kotamadya Yogyakarta
305,2023-09-25,Beras Medium,13000,Kotamadya Yogyakarta
306,2023-09-25,Beras Termurah,10800,Kabupaten Kulon Progo
307,2023-09-25,Gula Pasir,15000,Kabupaten Sleman
308,2023-09-25,Minyak Goreng Kemasan,14000,Provinsi D I Yogyakarta
309,2023-09-25,Daging Ayam,34000,Kabupaten Kulon Progo
310,2023-09-25,Telur Ayam,25000,Kabupaten Sleman
311,2023-09-25,Daging Sapi,130000,Kotamadya Yogyakarta
312,2023-09-25,Bawang Merah,15000,Kabupaten Bantul
313,2023-09-25,Cabe Merah Keriting,28000,Kotamadya Yogyakarta
314,2023-09-25,Cabe Merah Besar,35000,Kabupaten Gunung Kidul
315,2023-09-25,Jagung,7000,Provinsi D I Yogyakarta
316,2023-09-25,Kedelai,10500,Kabupaten Kulon Progo
317,2023-09-25,Bawang Putih Kating,35000,Kabupaten Kulon Progo
318,2023-09-25,Terigu,10000,Kabupaten Sleman
319,2023-09-25,Ubi Jalar,5000,Kotamadya Yogyakarta
320,2023-09-25,Bawang Bonggol,33000,Kabupaten Kulon Progo
321,2023-09-25,Cabe Rawit Merah,25000,Kabupaten Gunung Kidul
322,2023-09-25,Beras premium,14000,Kabupaten Kulon Progo
323,2023-09-25,Minyak Goreng Curah,13000,Kabupaten Bantul
324,2023-09-21,Beras Medium,12500,Provinsi D I Yogyakarta
325,2023-09-21,Beras Termurah,10800,Kabupaten Gunung Kidul
326,2023-09-21,Gula Pasir,15000,Kabupaten Gunung Kidul
327,2023-09-21,Minyak Goreng Kemasan,14000,Kabupaten Gunung Kidul
328,2023-09-21,Daging Ayam,34000,Kabupaten Sleman
329,2023-09-21,Telur Ayam,26000,Kabupaten Kulon Progo
330,2023-09-21,Daging Sapi,130000,Kotamadya Yogyakarta
331,2023-09-21,Bawang Merah,15000,Kabupaten Sleman
332,2023-09-21,Cabe Merah Keriting,23000,Kabupaten Sleman
333,2023-09-21,Cabe Merah Besar,35000,Kabupaten Bantul
334,2023-09-21,Jagung,7000,Kabupaten Bantul
335,2023-09-21,Kedelai,10500,Kabupaten Kulon Progo
336,2023-09-21,Bawang Putih Kating,35000,Kabupaten Sleman
337,2023-09-21,Terigu,10000,Kabupaten Sleman
338,2023-09-21,Ubi Jalar,5000,Kabupaten Sleman
339,2023-09-21,Bawang Bonggol,33000,Kabupaten Bantul
340,2023-09-21,Cabe Rawit Merah,23000,Kabupaten Gunung Kidul
341,2023-09-21,Beras premium,13000,Kabupaten Sleman
342,2023-09-21,Minyak Goreng Curah,13000,Kotamadya Yogyakarta
343,2023-09-18,Beras Medium,12500,Kabupaten Bantul
344,2023-09-18,Beras Termurah,10800,Provinsi D I Yogyakarta
345,2023-09-18,Gula Pasir,15000,Kabupaten Sleman
346,2023-09-18,Minyak Goreng Kemasan,14000,Kabupaten Sleman
347,2023-09-18,Daging Ayam,34000,Kotamadya Yogyakarta
348,2023-09-18,Telur Ayam,26000,Kabupaten Kulon Progo
349,2023-09-18,Daging Sapi,130000,Kabupaten Gunung Kidul
350,2023-09-18,Bawang Merah,15000,Kabupaten Bantul
351,2023-09-18,Cabe Merah Keriting,22000,Kabupaten Bantul
352,2023-09-18,Cabe Merah Besar,30000,Kabupaten Kulon Progo
353,2023-09-18,Jagung,7000,Kabupaten Kulon Progo
354,2023-09-18,Kedelai,10500,Kabupaten Bantul
355,2023-09-18,Bawang Putih Kating,35000,Kabupaten Gunung Kidul
356,2023-09-18,Terigu,10000,Kabupaten Kulon Progo
357,2023-09-18,Ubi Jalar,5000,Provinsi D I Yogyakarta
358,2023-09-18,Bawang Bonggol,33000,Kabupaten Bantul
359,2023-09-18,Cabe Rawit Merah,20000,Kabupaten Gunung Kidul
360,2023-09-18,Beras premium,13000,Kabupaten Gunung Kidul
361,2023-09-18,Minyak Goreng Curah,13000,Kabupaten Bantul
362,2023-09-14,Beras Medium,12500,Kabupaten Bantul
363,2023-09-14,Beras Termurah,10800,Kotamadya Yogyakarta
364,2023-09-14,Gula Pasir,14000,Kabupaten Sleman
365,2023-09-14,Minyak Goreng Kemasan,14000,Kabupaten Gunung Kidul
366,2023-09-14,Daging Ayam,36000,Kabupaten Bantul
367,2023-09-14,Telur Ayam,26000,Kabupaten Sleman
368,2023-09-14,Daging Sapi,130000,Kabupaten Bantul
369,2023-09-14,Bawang Merah,15000,Kabupaten Kulon Progo
370,2023-09-14,Cabe Merah Keriting,20000,Kotamadya Yogyakarta
371,2023-09-14,Cabe Merah Besar,40000,Kabupaten Gunung Kidul
372,2023-09-14,Jagung,7000,Kabupaten Sleman
373,2023-09-14,Kedelai,10500,Kotamadya Yogyakarta
374,2023-09-14,Bawang Putih Kating,35000,Kabupaten Gunung Kidul
375,2023-09-14,Terigu,10000,Provinsi D I Yogyakarta
376,2023-09-14,Ubi Jalar,5000,Kabupaten Sleman
377,2023-09-14,Bawang Bonggol,33000,Kabupaten Bantul
378,2023-09-14,Cabe Rawit Merah,25000,Kotamadya Yogyakarta
379,2023-09-14,Beras premium,13000,Kabupaten Sleman
380,2023-09-14,Minyak Goreng Curah,13000,Kabupaten Sleman
381,2023-09-11,Beras Medium,12500,Kabupaten Kulon Progo
382,2023-09-11,Beras Termurah,10800,Provinsi D I Yogyakarta
383,2023-09-11,Gula Pasir,14000,Kabupaten Gunung Kidul
384,2023-09-11,Minyak Goreng Kemasan,14000,Kabupaten Bantul
385,2023-09-11,Daging Ayam,37000,Kabupaten Kulon Progo
386,2023-09-11,Telur Ayam,28000,Kabupaten Sleman
387,2023-09-11,Daging Sapi,130000,Kabupaten Gunung Kidul
388,2023-09-11,Bawang Merah,15000,Kabupaten Gunung Kidul
389,2023-09-11,Cabe Merah Keriting,22000,Kabupaten Bantul
390,2023-09-11,Cabe Merah Besar,40000,Kabupaten Sleman
391,2023-09-11,Jagung,7000,Provinsi D I Yogyakarta
392,2023-09-11,Kedelai,10500,Kabupaten Kulon Progo
393,2023-09-11,Bawang Putih Kating,35000,Kabupaten Bantul
394,2023-09-11,Terigu,10000,Provinsi D I Yogyakarta
395,2023-09-11,Ubi Jalar,5000,Kotamadya Yogyakarta
396,2023-09-11,Bawang Bonggol,33000,Kotamadya Yogyakarta
397,2023-09-11,Cabe Rawit Merah,20000,Kabupaten Gunung Kidul
398,2023-09-11,Beras premium,13000,Kabupaten Sleman
399,2023-09-11,Minyak Goreng Curah,13000,Kotamadya Yogyakarta
400,2023-09-07,Beras Medium,12500,Kotamadya Yogyakarta
401,2023-09-07,Beras Termurah,10800,Provinsi D I Yogyakarta
402,2023-09-07,Gula Pasir,14000,Kabupaten Sleman
403,2023-09-07,Minyak Goreng Kemasan,14000,Provinsi D I Yogyakarta
404,2023-09-07,Daging Ayam,37000,Kabupaten Bantul
405,2023-09-07,Telur Ayam,28000,Kabupaten Gunung Kidul
406,2023-09-07,Daging Sapi,130000,Kabupaten Bantul
407,2023-09-07,Bawang Merah,15000,Kotamadya Yogyakarta
408,2023-09-07,Cabe Merah Keriting,30000,Kabupaten Bantul
409,2023-09-07,Cabe Merah Besar,40000,Kabupaten Sleman
410,2023-09-07,Jagung,7000,Kabupaten Kulon Progo
411,2023-09-07,Kedelai,10500,Provinsi D I Yogyakarta
412,2023-09-07,Bawang Putih Kating,35000,Kabupaten Kulon Progo
413,2023-09-07,Terigu,10000,Kabupaten Sleman
414,2023-09-07,Ubi Jalar,5000,Kotamadya Yogyakarta
415,2023-09-07,Bawang Bonggol,33000,Kabupaten Kulon Progo
416,2023-09-07,Cabe Rawit Merah,20000,Kabupaten Kulon Progo
417,2023-09-07,Beras premium,13000,Kabupaten Bantul
418,2023-09-07,Minyak Goreng Curah,13000,Kotamadya Yogyakarta
419,2023-09-04,Beras Medium,12500,Provinsi D I Yogyakarta
420,2023-09-04,Beras Termurah,9400,Kabupaten Gunung Kidul
421,2023-09-04,Gula Pasir,14000,Kabupaten Gunung Kidul
422,2023-09-04,Minyak Goreng Kemasan,14000,Kabupaten Kulon Progo
423,2023-09-04,Daging Ayam,37000,Kabupaten Bantul
424,2023-09-04,Telur Ayam,27000,Kabupaten Bantul
425,2023-09-04,Daging Sapi,130000,Kotamadya Yogyakarta
426,2023-09-04,Bawang Merah,15000,Kabupaten Sleman
427,2023-09-04,Cabe Merah Keriting,35000,Kabupaten Sleman
428,2023-09-04,Cabe Merah Besar,40000,Kotamadya Yogyakarta
429,2023-09-04,Jagung,7000,Kotamadya Yogyakarta
430,2023-09-04,Kedelai,10500,Kabupaten Bantul
431,2023-09-04,Bawang Putih Kating,35000,Provinsi D I Yogyakarta
432,2023-09-04,Terigu,10000,Kotamadya Yogyakarta
433,2023-09-04,Ubi Jalar,5000,Kabupaten Kulon Progo
434,2023-09-04,Bawang Bonggol,33000,Kabupaten Kulon Progo
435,2023-09-04,Cabe Rawit Merah,22000,Kabupaten Sleman
436,2023-09-04,Beras premium,13000,Provinsi D I Yogyakarta
437,2023-09-04,Minyak Goreng Curah,13000,Kabupaten Sleman
438,2023-08-31,Beras Medium,12500,Kabupaten Kulon Progo
439,2023-08-31,Beras Termurah,9400,Provinsi D I Yogyakarta
440,2023-08-31,Gula Pasir,14000,Provinsi D I Yogyakarta
441,2023-08-31,Minyak Goreng Kemasan,14000,Kabupaten Sleman
442,2023-08-31,Daging Ayam,36000,Kabupaten Kulon Progo
443,2023-08-31,Telur Ayam,27000,Kabupaten Gunung Kidul
444,2023-08-31,Daging Sapi,130000,Kabupaten Kulon Progo
445,2023-08-31,Bawang Merah,15000,Provinsi D I Yogyakarta
446,2023-08-31,Cabe Merah Keriting,35000,Kotamadya Yogyakarta
447,2023-08-31,Cabe Merah Besar,40000,Kotamadya Yogyakarta
448,2023-08-31,Jagung,7000,Kabupaten Bantul
449,2023-08-31,Kedelai,10500,Provinsi D I Yogyakarta
450,2023-08-31,Bawang Putih Kating,35000,Kabupaten Sleman
451,2023-08-31,Terigu,10000,Kabupaten Gunung Kidul
452,2023-08-31,Ubi Jalar,5000,Kabupaten Kulon Progo
453,2023-08-31,Bawang Bonggol,33000,Kotamadya Yogyakarta
454,2023-08-31,Cabe Rawit Merah,28000,Kabupaten Sleman
455,2023-08-31,Beras premium,13000,Kabupaten Kulon Progo
456,2023-08-31,Minyak Goreng Curah,13000,Kabupaten Sleman
457,2023-08-28,Beras Medium,11500,Kabupaten Bantul
458,2023-08-28,Beras Termurah,9200,Provinsi D I Yogyakarta
459,2023-08-28,Gula Pasir,14000,Kabupaten Sleman
460,2023-08-28,Minyak Goreng Kemasan,14000,Kabupaten Sleman
461,2023-08-28,Daging Ayam,36000,Kabupaten Kulon Progo
462,2023-08-28,Telur Ayam,27000,Kabupaten Kulon Progo
463,2023-08-28,Daging Sapi,130000,Kabupaten Kulon Progo
464,2023-08-28,Bawang Merah,15000,Kotamadya Yogyakarta
465,2023-08-28,Cabe Merah Keriting,35000,Kabupaten Sleman
466,2023-08-28,Cabe Merah Besar,40000,Kabupaten Gunung Kidul
467,2023-08-28,Jagung,7000,Kabupaten Gunung Kidul
468,2023-08-28,Kedelai,10500,Kotamadya Yogyakarta
469,2023-08-28,Bawang Putih Kating,35000,Kabupaten Kulon Progo
470,2023-08-28,Terigu,10000,Kabupaten Kulon Progo
471,2023-08-28,Ubi Jalar,5000,Kotamadya Yogyakarta
472,2023-08-28,Bawang Bonggol,33000,Kabupaten Bantul
473,2023-08-28,Cabe Rawit Merah,28000,Kabupaten Kulon Progo
474,2023-08-28,Beras premium,12000,Kabupaten Kulon Progo
475,2023-08-28,Minyak Goreng Curah,13000,Kabupaten Gunung Kidul
476,2023-08-24,Beras Medium,11500,Kabupaten Bantul
477,2023-08-24,Beras Termurah,9200,Kotamadya Yogyakarta
478,2023-08-24,Gula Pasir,14000,Provinsi D I Yogyakarta
479,2023-08-24,Minyak Goreng Kemasan,14000,Provinsi D I Yogyakarta
480,2023-08-24,Daging Ayam,36000,Kabupaten Gunung Kidul
481,2023-08-24,Telur Ayam,27000,Kabupaten Sleman
482,2023-08-24,Daging Sapi,130000,Kabupaten Kulon Progo
483,2023-08-24,Bawang Merah,16000,Provinsi D I Yogyakarta
484,2023-08-24,Cabe Merah Keriting,30000,Kabupaten Kulon Progo
485,2023-08-24,Cabe Merah Besar,30000,Kabupaten Kulon Progo
486,2023-08-24,Jagung,7000,Kotamadya Yogyakarta
487,2023-08-24,Kedelai,10500,Kabupaten Bantul
488,2023-08-24,Bawang Putih Kating,35000,Kotamadya Yogyakarta
489,2023-08-24,Terigu,10000,Kabupaten Sleman
490,2023-08-24,Ubi Jalar,5000,Kabupaten Bantul
491,2023-08-24,Bawang Bonggol,33000,Kotamadya Yogyakarta
492,2023-08-24,Cabe Rawit Merah,25000,Kabupaten Kulon Progo
493,2023-08-24,Beras premium,12000,Kabupaten Bantul
494,2023-08-24,Minyak Goreng Curah,13000,Kabupaten Kulon Progo
495,2023-08-21,Beras Medium,11300,Provinsi D I Yogyakarta
496,2023-08-21,Beras Termurah,9200,Kotamadya Yogyakarta
497,2023-08-21,Gula Pasir,14000,Kabupaten Gunung Kidul
498,2023-08-21,Minyak Goreng Kemasan,14000,Kabupaten Gunung Kidul
499,2023-08-21,Daging Ayam,36000,Kabupaten Sleman
500,2023-08-21,Telur Ayam,27000,Provinsi D I Yogyakarta
501,2023-08-21,Daging Sapi,130000,Kabupaten Sleman
502,2023-08-21,Bawang Merah,17000,Provinsi D I Yogyakarta
503,2023-08-21,Cabe Merah Keriting,35000,Kotamadya Yogyakarta
504,2023-08-21,Cabe Merah Besar,35000,Provinsi D I Yogyakarta
505,2023-08-21,Jagung,7000,Provinsi D I Yogyakarta
506,2023-08-21,Kedelai,10500,Kabupaten Sleman
507,2023-08-21,Bawang Putih Kating,34000,Provinsi D I Yogyakarta
508,2023-08-21,Terigu,10000,Kabupaten Sleman
509,2023-08-21,Ubi Jalar,5000,Kotamadya Yogyakarta
510,2023-08-21,Bawang Bonggol,33000,Kabupaten Bantul
511,2023-08-21,Cabe Rawit Merah,38000,Provinsi D I Yogyakarta
512,2023-08-21,Beras premium,11800,Kabupaten Sleman
513,2023-08-21,Minyak Goreng Curah,13000,Provinsi D I Yogyakarta
514,2023-08-17,Beras Medium,11300,Kotamadya Yogyakarta
515,2023-08-17,Beras Termurah,9200,Kabupaten Bantul
516,2023-08-17,Gula Pasir,14000,Provinsi D I Yogyakarta
517,2023-08-17,Minyak Goreng Kemasan,14000,Kabupaten Gunung Kidul
518,2023-08-17,Daging Ayam,37000,Kabupaten Bantul
519,2023-08-17,Telur Ayam,28000,Kotamadya Yogyakarta
520,2023-08-17,Daging Sapi,130000,Provinsi D I Yogyakarta
521,2023-08-17,Bawang Merah,17000,Kabupaten Kulon Progo
522,2023-08-17,Cabe Merah Keriting,35000,Kabupaten Sleman
523,2023-08-17,Cabe Merah Besar,35000,Kotamadya Yogyakarta
524,2023-08-17,Jagung,7000,Kabupaten Gunung Kidul
525,2023-08-17,Kedelai,10500,Provinsi D I Yogyakarta
526,2023-08-17,Bawang Putih Kating,34000,Kabupaten Sleman
527,2023-08-17,Terigu,10000,Kotamadya Yogyakarta
528,2023-08-17,Ubi Jalar,5000,Kotamadya Yogyakarta
529,2023-08-17,Bawang Bonggol,33000,Kabupaten Bantul
530,2023-08-17,Cabe Rawit Merah,38000,Kabupaten Gunung Kidul
531,2023-08-17,Beras premium,11800,Kabupaten Gunung Kidul
532,2023-08-17,Minyak Goreng Curah,13000,Kotamadya Yogyakarta
533,2023-08-10,Beras Medium,11300,Kabupaten Gunung Kidul
534,2023-08-10,Beras Termurah,9200,Kabupaten Bantul
535,2023-08-10,Gula Pasir,14000,Kabupaten Sleman
536,2023-08-10,Minyak Goreng Kemasan,14000,Provinsi D I Yogyakarta
537,2023-08-10,Daging Ayam,35000,Kabupaten Gunung Kidul
538,2023-08-10,Telur Ayam,29000,Kabupaten Gunung Kidul
539,2023-08-10,Daging Sapi,130000,Kabupaten Gunung Kidul
540,2023-08-10,Bawang Merah,19000,Provinsi D I Yogyakarta
541,2023-08-10,Cabe Merah Keriting,25000,Kabupaten Gunung Kidul
542,2023-08-10,Cabe Merah Besar,29000,Kotamadya Yogyakarta
543,2023-08-10,Jagung,7000,Kabupaten Sleman
544,2023-08-10,Kedelai,10500,Kabupaten Kulon Progo
545,2023-08-10,Bawang Putih Kating,34000,Kabupaten Bantul
546,2023-08-10,Terigu,10000,Kabupaten Sleman
547,2023-08-10,Ubi Jalar,5000,Kabupaten Kulon Progo
548,2023-08-10,Bawang Bonggol,33000,Provinsi D I Yogyakarta
549,2023-08-10,Cabe Rawit Merah,30000,Provinsi D I Yogyakarta
550,2023-08-10,Beras premium,11800,Kotamadya Yogyakarta
551,2023-08-10,Minyak Goreng Curah,13000,Provinsi D I Yogyakarta
552,2023-08-07,Beras Medium,11300,Kabupaten Kulon Progo
553,2023-08-07,Beras Termurah,9200,Provinsi D I Yogyakarta
554,2023-08-07,Gula Pasir,14000,Kabupaten Bantul
555,2023-08-07,Minyak Goreng Kemasan,14000,Kabupaten Gunung Kidul
556,2023-08-07,Daging Ayam,35000,Kabupaten Bantul
557,2023-08-07,Telur Ayam,30000,Kabupaten Kulon Progo
558,2023-08-07,Daging Sapi,130000,Kabupaten Bantul
559,2023-08-07,Bawang Merah,20000,Kabupaten Sleman
560,2023-08-07,Cabe Merah Keriting,30000,Kabupaten Kulon Progo
561,2023-08-07,Cabe Merah Besar,30000,Kabupaten Kulon Progo
562,2023-08-07,Jagung,7000,Provinsi D I Yogyakarta
563,2023-08-07,Kedelai,10500,Kabupaten Sleman
564,2023-08-07,Bawang Putih Kating,34000,Provinsi D I Yogyakarta
565,2023-08-07,Terigu,10000,Kabupaten Kulon Progo
566,2023-08-07,Ubi Jalar,5000,Kabupaten Bantul
567,2023-08-07,Bawang Bonggol,33000,Kabupaten Kulon Progo
568,2023-08-07,Cabe Rawit Merah,35000,Provinsi D I Yogyakarta
569,2023-08-07,Beras premium,11800,Kotamadya Yogyakarta
570,2023-08-07,Minyak Goreng Curah,13000,Kabupaten Gunung Kidul
571,2023-08-03,Beras Medium,11300,Provinsi D I Yogyakarta
572,2023-08-03,Beras Termurah,9200,Kabupaten Sleman
573,2023-08-03,Gula Pasir,14000,Kotamadya Yogyakarta
574,2023-08-03,Minyak Goreng Kemasan,14000,Provinsi D I Yogyakarta
575,2023-08-03,Daging Ayam,35000,Kotamadya Yogyakarta
576,2023-08-03,Telur Ayam,30000,Kabupaten Bantul
577,2023-08-03,Daging Sapi,130000,Kabupaten Bantul
578,2023-08-03,Bawang Merah,20000,Kabupaten Sleman
579,2023-08-03,Cabe Merah Keriting,30000,Provinsi D I Yogyakarta
580,2023-08-03,Cabe Merah Besar,30000,Kabupaten Bantul
581,2023-08-03,Jagung,7000,Provinsi D I Yogyakarta
582,2023-08-03,Kedelai,10500,Kabupaten Gunung Kidul
583,2023-08-03,Bawang Putih Kating,36000,Kabupaten Kulon Progo
584,2023-08-03,Terigu,10000,Kotamadya Yogyakarta
585,2023-08-03,Ubi Jalar,5000,Kotamadya Yogyakarta
586,2023-08-03,Bawang Bonggol,35000,Kabupaten Gunung Kidul
587,2023-08-03,Cabe Rawit Merah,35000,Kabupaten Bantul
588,2023-08-03,Beras premium,11800,Kabupaten Bantul
589,2023-08-03,Minyak Goreng Curah,13500,Kabupaten Bantul
590,2023-07-27,Beras Medium,11300,Kotamadya Yogyakarta
591,2023-07-27,Beras Termurah,9400,Kabupaten Bantul
592,2023-07-27,Gula Pasir,14000,Provinsi D I Yogyakarta
593,2023-07-27,Minyak Goreng Kemasan,15000,Kotamadya Yogyakarta
594,2023-07-27,Daging Ayam,36000,Kotamadya Yogyakarta
595,2023-07-27,Telur Ayam,30000,Kabupaten Kulon Progo
596,2023-07-27,Daging Sapi,130000,Kabupaten Sleman
597,2023-07-27,Bawang Merah,20000,Provinsi D I Yogyakarta
598,2023-07-27,Cabe Merah Keriting,25000,Kotamadya Yogyakarta
599,2023-07-27,Cabe Merah Besar,35000,Kabupaten Sleman
600,2023-07-27,Jagung,7000,Kotamadya Yogyakarta
601,2023-07-27,Kedelai,10500,Kabupaten Sleman
602,2023-07-27,Bawang Putih Kating,38000,Kabupaten Bantul
603,2023-07-27,Terigu,10000,Kabupaten Gunung Kidul
604,2023-07-27,Ubi Jalar,5000,Kabupaten Bantul
605,2023-07-27,Bawang Bonggol,35000,Provinsi D I Yogyakarta
606,2023-07-27,Cabe Rawit Merah,28000,Kotamadya Yogyakarta
607,2023-07-27,Beras premium,11800,Kabupaten Gunung Kidul
608,2023-07-27,Minyak Goreng Curah,13500,Provinsi D I Yogyakarta
609,2023-07-24,Beras Medium,11300,Kabupaten Gunung Kidul
610,2023-07-24,Beras Termurah,9400,Kabupaten Bantul
611,2023-07-24,Gula Pasir,14000,Kotamadya Yogyakarta
612,2023-07-24,Minyak Goreng Kemasan,15000,Provinsi D I Yogyakarta
613,2023-07-24,Daging Ayam,36000,Kotamadya Yogyakarta
614,2023-07-24,Telur Ayam,31000,Provinsi D I Yogyakarta
615,2023-07-24,Daging Sapi,130000,Provinsi D I Yogyakarta
616,2023-07-24,Bawang Merah,20000,Kabupaten Kulon Progo
617,2023-07-24,Cabe Merah Keriting,25000,Kotamadya Yogyakarta
618,2023-07-24,Cabe Merah Besar,30000,Kabupaten Bantul
619,2023-07-24,Jagung,7000,Provinsi D I Yogyakarta
620,2023-07-24,Kedelai,10500,Kabupaten Kulon Progo
621,2023-07-24,Bawang Putih Kating,45000,Kotamadya Yogyakarta
622,2023-07-24,Terigu,10000,Kabupaten Sleman
623,2023-07-24,Ubi Jalar,5000,Provinsi D I Yogyakarta
624,2023-07-24,Bawang Bonggol,38000,Kabupaten Bantul
625,2023-07-24,Cabe Rawit Merah,25000,Kabupaten Gunung Kidul
626,2023-07-24,Beras premium,11800,Kabupaten Sleman
627,2023-07-24,Minyak Goreng Curah,13500,Provinsi D I Yogyakarta
628,2023-07-17,Beras Medium,11300,Kabupaten Gunung Kidul
629,2023-07-17,Beras Termurah,9400,Provinsi D I Yogyakarta
630,2023-07-17,Gula Pasir,14000,Kabupaten Kulon Progo
631,2023-07-17,Minyak Goreng Kemasan,15000,Kabupaten Kulon Progo
632,2023-07-17,Daging Ayam,36000,Kotamadya Yogyakarta
633,2023-07-17,Telur Ayam,32000,Kabupaten Kulon Progo
634,2023-07-17,Daging Sapi,130000,Kabupaten Bantul
635,2023-07-17,Bawang Merah,24000,Kotamadya Yogyakarta
636,2023-07-17,Cabe Merah Keriting,20000,Kabupaten Bantul
637,2023-07-17,Cabe Merah Besar,35000,Kotamadya Yogyakarta
638,2023-07-17,Jagung,7000,Kabupaten Gunung Kidul
639,2023-07-17,Kedelai,10500,Provinsi D I Yogyakarta
640,2023-07-17,Bawang Putih Kating,38000,Kabupaten Bantul
641,2023-07-17,Terigu,10000,Kotamadya Yogyakarta
642,2023-07-17,Ubi Jalar,5000,Kotamadya Yogyakarta
643,2023-07-17,Bawang Bonggol,36000,Kabupaten Sleman
644,2023-07-17,Cabe Rawit Merah,18000,Kabupaten Bantul
645,2023-07-17,Beras premium,11800,Provinsi D I Yogyakarta
646,2023-07-17,Minyak Goreng Curah,14000,Kotamadya Yogyakarta
647,2023-07-13,Beras Medium,11300,Kabupaten Sleman
648,2023-07-13,Beras Termurah,9400,Kabupaten Gunung Kidul
649,2023-07-13,Gula Pasir,14000,Kotamadya Yogyakarta
650,2023-07-13,Minyak Goreng Kemasan,15000,Kabupaten Sleman
651,2023-07-13,Daging Ayam,36000,Kabupaten Kulon Progo
652,2023-07-13,Telur Ayam,32000,Kabupaten Sleman
653,2023-07-13,Daging Sapi,130000,Kabupaten Gunung Kidul
654,2023-07-13,Bawang Merah,24000,Kabupaten Sleman
655,2023-07-13,Cabe Merah Keriting,20000,Kabupaten Bantul
656,2023-07-13,Cabe Merah Besar,35000,Kabupaten Gunung Kidul
657,2023-07-13,Jagung,7000,Kabupaten Kulon Progo
658,2023-07-13,Kedelai,10500,Kabupaten Kulon Progo
659,2023-07-13,Bawang Putih Kating,38000,Kabupaten Gunung Kidul
660,2023-07-13,Terigu,10000,Kabupaten Sleman
661,2023-07-13,Ubi Jalar,5000,Kabupaten Sleman
662,2023-07-13,Bawang Bonggol,36000,Kabupaten Kulon Progo
663,2023-07-13,Cabe Rawit Merah,18000,Kabupaten Bantul
664,2023-07-13,Beras premium,11800,Kotamadya Yogyakarta
665,2023-07-13,Minyak Goreng Curah,14000,Kabupaten Bantul
666,2023-07-10,Beras Medium,11300,Kabupaten Bantul
667,2023-07-10,Beras Termurah,9400,Kabupaten Bantul
668,2023-07-10,Gula Pasir,13500,Kabupaten Kulon Progo
669,2023-07-10,Minyak Goreng Kemasan,14000,Kabupaten Kulon Progo
670,2023-07-10,Daging Ayam,36000,Provinsi D I Yogyakarta
671,2023-07-10,Telur Ayam,32000,Provinsi D I Yogyakarta
672,2023-07-10,Daging Sapi,130000,Provinsi D I Yogyakarta
673,2023-07-10,Bawang Merah,28000,Kabupaten Kulon Progo
674,2023-07-10,Cabe Merah Keriting,25000,Kabupaten Bantul
675,2023-07-10,Cabe Merah Besar,35000,Provinsi D I Yogyakarta
676,2023-07-10,Jagung,7000,Provinsi D I Yogyakarta
677,2023-07-10,Kedelai,10500,Kabupaten Kulon Progo
678,2023-07-10,Bawang Putih Kating,34000,Kotamadya Yogyakarta
679,2023-07-10,Terigu,10000,Kabupaten Kulon Progo
680,2023-07-10,Ubi Jalar,5000,Kabupaten Kulon Progo
681,2023-07-10,Bawang Bonggol,33000,Kabupaten Bantul
682,2023-07-10,Cabe Rawit Merah,22000,Kotamadya Yogyakarta
683,2023-07-10,Beras premium,11800,Provinsi D I Yogyakarta
684,2023-07-10,Minyak Goreng Curah,14000,Kabupaten Bantul
685,2023-07-06,Beras Medium,11300,Kabupaten Kulon Progo
686,2023-07-06,Beras Termurah,9400,Provinsi D I Yogyakarta
687,2023-07-06,Gula Pasir,13500,Provinsi D I Yogyakarta
688,2023-07-06,Minyak Goreng Kemasan,14000,Kabupaten Gunung Kidul
689,2023-07-06,Daging Ayam,36000,Kabupaten Bantul
690,2023-07-06,Telur Ayam,31000,Kabupaten Sleman
691,2023-07-06,Daging Sapi,130000,Kabupaten Gunung Kidul
692,2023-07-06,Bawang Merah,32000,Provinsi D I Yogyakarta
693,2023-07-06,Cabe Merah Keriting,25000,Kabupaten Sleman
694,2023-07-06,Cabe Merah Besar,35000,Kabupaten Sleman
695,2023-07-06,Jagung,7000,Kabupaten Gunung Kidul
696,2023-07-06,Kedelai,10500,Provinsi D I Yogyakarta
697,2023-07-06,Bawang Putih Kating,32000,Kabupaten Gunung Kidul
698,2023-07-06,Terigu,10000,Kabupaten Gunung Kidul
699,2023-07-06,Ubi Jalar,5000,Kabupaten Gunung Kidul
700,2023-07-06,Bawang Bonggol,32000,Kabupaten Gunung Kidul
701,2023-07-06,Cabe Rawit Merah,22000,Kabupaten Kulon Progo
702,2023-07-06,Beras premium,11800,Kabupaten Sleman
703,2023-07-06,Minyak Goreng Curah,14000,Kabupaten Sleman
704,2023-07-03,Beras Medium,11300,Provinsi D I Yogyakarta
705,2023-07-03,Beras Termurah,9400,Provinsi D I Yogyakarta
706,2023-07-03,Gula Pasir,13500,Kabupaten Sleman
707,2023-07-03,Minyak Goreng Kemasan,14000,Provinsi D I Yogyakarta
708,2023-07-03,Daging Ayam,38000,Kabupaten Kulon Progo
709,2023-07-03,Telur Ayam,31000,Kabupaten Kulon Progo
710,2023-07-03,Daging Sapi,130000,Kabupaten Kulon Progo
711,2023-07-03,Bawang Merah,32000,Kabupaten Gunung Kidul
712,2023-07-03,Cabe Merah Keriting,25000,Kabupaten Bantul
713,2023-07-03,Cabe Merah Besar,30000,Kabupaten Sleman
714,2023-07-03,Jagung,7000,Kabupaten Kulon Progo
715,2023-07-03,Kedelai,10500,Kabupaten Kulon Progo
716,2023-07-03,Bawang Putih Kating,32000,Kabupaten Bantul
717,2023-07-03,Terigu,10000,Kabupaten Sleman
718,2023-07-03,Ubi Jalar,5000,Kotamadya Yogyakarta
719,2023-07-03,Bawang Bonggol,32000,Kabupaten Gunung Kidul
720,2023-07-03,Cabe Rawit Merah,20000,Kabupaten Kulon Progo
721,2023-07-03,Beras premium,11800,Kabupaten Bantul
722,2023-07-03,Minyak Goreng Curah,14000,Kabupaten Sleman
723,2023-06-30,Beras Medium,11300,Kabupaten Kulon Progo
724,2023-06-30,Beras Termurah,9400,Kotamadya Yogyakarta
725,2023-06-30,Gula Pasir,13500,Provinsi D I Yogyakarta
726,2023-06-30,Minyak Goreng Kemasan,14000,Provinsi D I Yogyakarta
727,2023-06-30,Daging Ayam,40000,Kabupaten Gunung Kidul
728,2023-06-30,Telur Ayam,31000,Kotamadya Yogyakarta
729,2023-06-30,Daging Sapi,130000,Kabupaten Kulon Progo
730,2023-06-30,Bawang Merah,32000,Kabupaten Sleman
731,2023-06-30,Cabe Merah Keriting,30000,Kabupaten Gunung Kidul
732,2023-06-30,Cabe Merah Besar,35000,Provinsi D I Yogyakarta
733,2023-06-30,Jagung,7000,Kabupaten Sleman
734,2023-06-30,Kedelai,10500,Kabupaten Gunung Kidul
735,2023-06-30,Bawang Putih Kating,32000,Kabupaten Kulon Progo
736,2023-06-30,Terigu,10000,Kabupaten Sleman
737,2023-06-30,Ubi Jalar,5000,Kabupaten Gunung Kidul
738,2023-06-30,Bawang Bonggol,32000,Kotamadya Yogyakarta
739,2023-06-30,Cabe Rawit Merah,25000,Kabupaten Gunung Kidul
740,2023-06-30,Beras premium,11800,Kabupaten Gunung Kidul
741,2023-06-30,Minyak Goreng Curah,14000,Kotamadya Yogyakarta
742,2023-06-26,Beras Medium,11300,Kabupaten Bantul
743,2023-06-26,Beras Termurah,9500,Kabupaten Bantul
744,2023-06-26,Gula Pasir,14000,Provinsi D I Yogyakarta
745,2023-06-26,Minyak Goreng Kemasan,14000,Kabupaten Gunung Kidul
746,2023-06-26,Daging Ayam,36000,Kotamadya Yogyakarta
747,2023-06-26,Telur Ayam,30000,Kotamadya Yogyakarta
748,2023-06-26,Daging Sapi,130000,Kabupaten Bantul
749,2023-06-26,Bawang Merah,33000,Provinsi D I Yogyakarta
750,2023-06-26,Cabe Merah Keriting,16000,Kotamadya Yogyakarta
751,2023-06-26,Cabe Merah Besar,35000,Provinsi D I Yogyakarta
752,2023-06-26,Jagung,7000,Kotamadya Yogyakarta
753,2023-06-26,Kedelai,11000,Kabupaten Bantul
754,2023-06-26,Bawang Putih Kating,30000,Kabupaten Gunung Kidul
755,2023-06-26,Terigu,10000,Kotamadya Yogyakarta
756,2023-06-26,Ubi Jalar,5000,Kabupaten Bantul
757,2023-06-26,Bawang Bonggol,26000,Kabupaten Gunung Kidul
758,2023-06-26,Cabe Rawit Merah,30000,Provinsi D I Yogyakarta
759,2023-06-26,Beras premium,11800,Kabupaten Gunung Kidul
760,2023-06-26,Minyak Goreng Curah,14000,Kabupaten Gunung Kidul
761,2023-06-22,Beras Medium,11300,Kabupaten Bantul
762,2023-06-22,Beras Termurah,9400,Kabupaten Kulon Progo
763,2023-06-22,Gula Pasir,13500,Kabupaten Gunung Kidul
764,2023-06-22,Minyak Goreng Kemasan,14000,Provinsi D I Yogyakarta
765,2023-06-22,Daging Ayam,38000,Kotamadya Yogyakarta
766,2023-06-22,Telur Ayam,30000,Provinsi D I Yogyakarta
767,2023-06-22,Daging Sapi,130000,Kabupaten Bantul
768,2023-06-22,Bawang Merah,32000,Kabupaten Kulon Progo
769,2023-06-22,Cabe Merah Keriting,20000,Kotamadya Yogyakarta
770,2023-06-22,Cabe Merah Besar,28000,Provinsi D I Yogyakarta
771,2023-06-22,Jagung,7000,Kabupaten Sleman
772,2023-06-22,Kedelai,10500,Kabupaten Kulon Progo
773,2023-06-22,Bawang Putih Kating,32000,Kabupaten Sleman
774,2023-06-22,Terigu,10000,Kabupaten Sleman
775,2023-06-22,Ubi Jalar,5000,Kotamadya Yogyakarta
776,2023-06-22,Bawang Bonggol,32000,Kabupaten Sleman
777,2023-06-22,Cabe Rawit Merah,25000,Kabupaten Sleman
778,2023-06-22,Beras premium,11800,Kabupaten Kulon Progo
779,2023-06-22,Minyak Goreng Curah,14000,Kabupaten Gunung Kidul
780,2023-06-19,Beras Medium,11300,Kabupaten Kulon Progo
781,2023-06-19,Beras Termurah,9400,Kabupaten Kulon Progo
782,2023-06-19,Gula Pasir,13500,Kabupaten Sleman
783,2023-06-19,Minyak Goreng Kemasan,14000,Kotamadya Yogyakarta
784,2023-06-19,Daging Ayam,38000,Kotamadya Yogyakarta
785,2023-06-19,Telur Ayam,30000,Kabupaten Bantul
786,2023-06-19,Daging Sapi,130000,Kabupaten Bantul
787,2023-06-19,Bawang Merah,32000,Kabupaten Gunung Kidul
788,2023-06-19,Cabe Merah Keriting,20000,Provinsi D I Yogyakarta
789,2023-06-19,Cabe Merah Besar,30000,Kabupaten Sleman
790,2023-06-19,Jagung,7000,Kabupaten Kulon Progo
791,2023-06-19,Kedelai,10500,Provinsi D I Yogyakarta
792,2023-06-19,Bawang Putih Kating,32000,Kotamadya Yogyakarta
793,2023-06-19,Terigu,10000,Kotamadya Yogyakarta
794,2023-06-19,Ubi Jalar,5000,Provinsi D I Yogyakarta
795,2023-06-19,Bawang Bonggol,32000,Provinsi D I Yogyakarta
796,2023-06-19,Cabe Rawit Merah,25000,Kabupaten Bantul
797,2023-06-19,Beras premium,11800,Kabupaten Kulon Progo
798,2023-06-19,Minyak Goreng Curah,14000,Kabupaten Kulon Progo
799,2023-06-15,Beras Medium,11300,Kabupaten Kulon Progo
800,2023-06-15,Beras Termurah,9400,Kabupaten Gunung Kidul
801,2023-06-15,Gula Pasir,13500,Provinsi D I Yogyakarta
802,2023-06-15,Minyak Goreng Kemasan,14000,Kabupaten Bantul
803,2023-06-15,Daging Ayam,35000,Kabupaten Gunung Kidul
804,2023-06-15,Telur Ayam,30000,Provinsi D I Yogyakarta
805,2023-06-15,Daging Sapi,130000,Kabupaten Bantul
806,2023-06-15,Bawang Merah,33000,Kabupaten Kulon Progo
807,2023-06-15,Cabe Merah Keriting,20000,Kabupaten Gunung Kidul
808,2023-06-15,Cabe Merah Besar,30000,Kabupaten Gunung Kidul
809,2023-06-15,Jagung,7000,Kabupaten Bantul
810,2023-06-15,Kedelai,10500,Kabupaten Gunung Kidul
811,2023-06-15,Bawang Putih Kating,30000,Kabupaten Gunung Kidul
812,2023-06-15,Terigu,10000,Kabupaten Bantul
813,2023-06-15,Ubi Jalar,5000,Kotamadya Yogyakarta
814,2023-06-15,Bawang Bonggol,26000,Kotamadya Yogyakarta
815,2023-06-15,Cabe Rawit Merah,30000,Kabupaten Gunung Kidul
816,2023-06-15,Beras premium,11800,Kabupaten Sleman
817,2023-06-15,Minyak Goreng Curah,14000,Kabupaten Gunung Kidul
818,2023-06-12,Beras Medium,11300,Provinsi D I Yogyakarta
819,2023-06-12,Beras Termurah,9400,Kabupaten Gunung Kidul
820,2023-06-12,Gula Pasir,13500,Kabupaten Sleman
821,2023-06-12,Minyak Goreng Kemasan,14000,Kabupaten Kulon Progo
822,2023-06-12,Daging Ayam,35000,Kabupaten Gunung Kidul
823,2023-06-12,Telur Ayam,30000,Kabupaten Kulon Progo
824,2023-06-12,Daging Sapi,130000,Kabupaten Sleman
825,2023-06-12,Bawang Merah,33000,Kabupaten Kulon Progo
826,2023-06-12,Cabe Merah Keriting,20000,Kabupaten Gunung Kidul
827,2023-06-12,Cabe Merah Besar,30000,Kabupaten Kulon Progo
828,2023-06-12,Jagung,7000,Kabupaten Kulon Progo
829,2023-06-12,Kedelai,10500,Kotamadya Yogyakarta
830,2023-06-12,Bawang Putih Kating,30000,Kabupaten Bantul
831,2023-06-12,Terigu,10000,Kotamadya Yogyakarta
832,2023-06-12,Ubi Jalar,5000,Kabupaten Bantul
833,2023-06-12,Bawang Bonggol,26000,Kabupaten Gunung Kidul
834,2023-06-12,Cabe Rawit Merah,30000,Kabupaten Gunung Kidul
835,2023-06-12,Beras premium,11800,Kabupaten Gunung Kidul
836,2023-06-12,Minyak Goreng Curah,14000,Provinsi D I Yogyakarta
837,2023-06-08,Beras Medium,11300,Kabupaten Sleman
838,2023-06-08,Beras Termurah,9400,Kabupaten Sleman
839,2023-06-08,Gula Pasir,13500,Kabupaten Sleman
840,2023-06-08,Minyak Goreng Kemasan,14000,Kotamadya Yogyakarta
841,2023-06-08,Daging Ayam,36000,Kabupaten Kulon Progo
842,2023-06-08,Telur Ayam,30000,Kotamadya Yogyakarta
843,2023-06-08,Daging Sapi,130000,Kabupaten Gunung Kidul
844,2023-06-08,Bawang Merah,33000,Kabupaten Kulon Progo
845,2023-06-08,Cabe Merah Keriting,25000,Kabupaten Bantul
846,2023-06-08,Cabe Merah Besar,30000,Provinsi D I Yogyakarta
847,2023-06-08,Jagung,7000,Kabupaten Sleman
848,2023-06-08,Kedelai,10500,Kabupaten Kulon Progo
849,2023-06-08,Bawang Putih Kating,30000,Kotamadya Yogyakarta
850,2023-06-08,Terigu,10000,Provinsi D I Yogyakarta
851,2023-06-08,Ubi Jalar,5000,Kotamadya Yogyakarta
852,2023-06-08,Bawang Bonggol,26000,Kabupaten Kulon Progo
853,2023-06-08,Cabe Rawit Merah,35000,Kabupaten Sleman
854,2023-06-08,Beras premium,11800,Kabupaten Sleman
855,2023-06-08,Minyak Goreng Curah,14000,Provinsi D I Yogyakarta
856,2023-06-05,Beras Medium,11300,Kabupaten Sleman
857,2023-06-05,Beras Termurah,9400,Kabupaten Kulon Progo
858,2023-06-05,Gula Pasir,14000,Kabupaten Kulon Progo
859,2023-06-05,Minyak Goreng Kemasan,14000,Kabupaten Sleman
860,2023-06-05,Daging Ayam,38000,Kabupaten Gunung Kidul
861,2023-06-05,Telur Ayam,30000,Kabupaten Gunung Kidul
862,2023-06-05,Daging Sapi,130000,Kabupaten Gunung Kidul
863,2023-06-05,Bawang Merah,33000,Kabupaten Gunung Kidul
864,2023-06-05,Cabe Merah Keriting,25000,Kabupaten Bantul
865,2023-06-05,Cabe Merah Besar,35000,Kotamadya Yogyakarta
866,2023-06-05,Jagung,7000,Kabupaten Gunung Kidul
867,2023-06-05,Kedelai,11000,Kabupaten Gunung Kidul
868,2023-06-05,Bawang Putih Kating,30000,Provinsi D I Yogyakarta
869,2023-06-05,Terigu,10000,Kabupaten Kulon Progo
870,2023-06-05,Ubi Jalar,5000,Kabupaten Kulon Progo
871,2023-06-05,Bawang Bonggol,26000,Provinsi D I Yogyakarta
872,2023-06-05,Cabe Rawit Merah,35000,Kabupaten Gunung Kidul
873,2023-06-05,Beras premium,11800,Kabupaten Gunung Kidul
874,2023-06-05,Minyak Goreng Curah,14000,Kabupaten Sleman
875,2023-06-02,Beras Medium,11300,Kabupaten Gunung Kidul
876,2023-06-02,Beras Termurah,9500,Kabupaten Kulon Progo
877,2023-06-02,Gula Pasir,14000,Kabupaten Gunung Kidul
878,2023-06-02,Minyak Goreng Kemasan,14000,Provinsi D I Yogyakarta
879,2023-06-02,Daging Ayam,34000,Kabupaten Sleman
880,2023-06-02,Telur Ayam,30000,Kabupaten Bantul
881,2023-06-02,Daging Sapi,130000,Provinsi D I Yogyakarta
882,2023-06-02,Bawang Merah,33000,Kotamadya Yogyakarta
883,2023-06-02,Cabe Merah Keriting,25000,Kabupaten Gunung Kidul
884,2023-06-02,Cabe Merah Besar,35000,Kabupaten Gunung Kidul
885,2023-06-02,Jagung,7000,Kabupaten Gunung Kidul
886,2023-06-02,Kedelai,11000,Kabupaten Sleman
887,2023-06-02,Bawang Putih Kating,30000,Kabupaten Bantul
888,2023-06-02,Terigu,10000,Kotamadya Yogyakarta
889,2023-06-02,Ubi Jalar,5000,Kabupaten Sleman
890,2023-06-02,Bawang Bonggol,26000,Kabupaten Gunung Kidul
891,2023-06-02,Cabe Rawit Merah,35000,Kotamadya Yogyakarta
892,2023-06-02,Beras premium,11800,Provinsi D I Yogyakarta
893,2023-06-02,Minyak Goreng Curah,14000,Kabupaten Bantul
894,2023-05-29,Beras Medium,11300,Kabupaten Sleman
895,2023-05-29,Beras Termurah,9500,Kabupaten Kulon Progo
896,2023-05-29,Gula Pasir,14000,Kabupaten Kulon Progo
897,2023-05-29,Minyak Goreng Kemasan,14000,Provinsi D I Yogyakarta
898,2023-05-29,Daging Ayam,31000,Kabupaten Bantul
899,2023-05-29,Telur Ayam,31000,Provinsi D I Yogyakarta
900,2023-05-29,Daging Sapi,130000,Kotamadya Yogyakarta
901,2023-05-29,Bawang Merah,33000,Kotamadya Yogyakarta
902,2023-05-29,Cabe Merah Keriting,25000,Kabupaten Kulon Progo
903,2023-05-29,Cabe Merah Besar,35000,Kabupaten Bantul
904,2023-05-29,Jagung,7000,Kotamadya Yogyakarta
905,2023-05-29,Kedelai,11000,Kabupaten Bantul
906,2023-05-29,Bawang Putih Kating,30000,Kabupaten Sleman
907,2023-05-29,Terigu,10000,Kabupaten Gunung Kidul
908,2023-05-29,Ubi Jalar,5000,Provinsi D I Yogyakarta
909,2023-05-29,Bawang Bonggol,26000,Kabupaten Sleman
910,2023-05-29,Cabe Rawit Merah,35000,Kabupaten Sleman
911,2023-05-29,Beras premium,11800,Provinsi D I Yogyakarta
912,2023-05-29,Minyak Goreng Curah,14000,Kabupaten Kulon Progo
913,2023-05-22,Beras Medium,11300,Kabupaten Gunung Kidul
914,2023-05-22,Beras Termurah,9400,Kotamadya Yogyakarta
915,2023-05-22,Gula Pasir,14000,Kabupaten Kulon Progo
916,2023-05-22,Minyak Goreng Kemasan,15000,Kotamadya Yogyakarta
917,2023-05-22,Daging Ayam,38000,Kabupaten Gunung Kidul
918,2023-05-22,Telur Ayam,31000,Kotamadya Yogyakarta
919,2023-05-22,Daging Sapi,130000,Kabupaten Sleman
920,2023-05-22,Bawang Merah,33000,Kabupaten Gunung Kidul
921,2023-05-22,Cabe Merah Keriting,20000,Kabupaten Kulon Progo
922,2023-05-22,Cabe Merah Besar,35000,Kabupaten Kulon Progo
923,2023-05-22,Jagung,7000,Provinsi D I Yogyakarta
924,2023-05-22,Kedelai,11000,Kabupaten Gunung Kidul
925,2023-05-22,Bawang Putih Kating,30000,Provinsi D I Yogyakarta
926,2023-05-22,Terigu,10000,Kabupaten Sleman
927,2023-05-22,Ubi Jalar,5000,Kotamadya Yogyakarta
928,2023-05-22,Bawang Bonggol,26000,Kabupaten Bantul
929,2023-05-22,Cabe Rawit Merah,35000,Kabupaten Kulon Progo
930,2023-05-22,Beras premium,11800,Provinsi D I Yogyakarta
931,2023-05-22,Minyak Goreng Curah,15000,Kabupaten Gunung Kidul
932,2023-05-19,Beras Medium,11300,Kabupaten Bantul
933,2023-05-19,Beras Termurah,9400,Kabupaten Sleman
934,2023-05-19,Gula Pasir,14000,Kabupaten Sleman
935,2023-05-19,Minyak Goreng Kemasan,15000,Kabupaten Sleman
936,2023-05-19,Daging Ayam,35000,Provinsi D I Yogyakarta
937,2023-05-19,Telur Ayam,31000,Kabupaten Bantul
938,2023-05-19,Daging Sapi,130000,Kabupaten Sleman
939,2023-05-19,Bawang Merah,33000,Kabupaten Kulon Progo
940,2023-05-19,Cabe Merah Keriting,22000,Kabupaten Kulon Progo
941,2023-05-19,Cabe Merah Besar,30000,Kotamadya Yogyakarta
942,2023-05-19,Jagung,7000,Kabupaten Sleman
943,2023-05-19,Kedelai,11000,Kabupaten Bantul
944,2023-05-19,Bawang Putih Kating,30000,Kabupaten Bantul
945,2023-05-19,Terigu,10000,Kotamadya Yogyakarta
946,2023-05-19,Ubi Jalar,5000,Provinsi D I Yogyakarta
947,2023-05-19,Bawang Bonggol,26000,Kabupaten Kulon Progo
948,2023-05-19,Cabe Rawit Merah,28000,Provinsi D I Yogyakarta
949,2023-05-19,Beras premium,11800,Provinsi D I Yogyakarta
950,2023-05-19,Minyak Goreng Curah,15000,Provinsi D I Yogyakarta
951,2023-05-15,Beras Medium,11300,Provinsi D I Yogyakarta
952,2023-05-15,Beras Termurah,9400,Kabupaten Sleman
953,2023-05-15,Gula Pasir,14000,Kabupaten Gunung Kidul
954,2023-05-15,Minyak Goreng Kemasan,15000,Kabupaten Bantul
955,2023-05-15,Daging Ayam,33000,Kabupaten Bantul
956,2023-05-15,Telur Ayam,32000,Kabupaten Kulon Progo
957,2023-05-15,Daging Sapi,130000,Kabupaten Sleman
958,2023-05-15,Bawang Merah,33000,Provinsi D I Yogyakarta
959,2023-05-15,Cabe Merah Keriting,25000,Provinsi D I Yogyakarta
960,2023-05-15,Cabe Merah Besar,30000,Kabupaten Bantul
961,2023-05-15,Jagung,7000,Kabupaten Sleman
962,2023-05-15,Kedelai,11000,Kabupaten Kulon Progo
963,2023-05-15,Bawang Putih Kating,30000,Kotamadya Yogyakarta
964,2023-05-15,Terigu,10000,Provinsi D I Yogyakarta
965,2023-05-15,Ubi Jalar,5000,Kabupaten Gunung Kidul
966,2023-05-15,Bawang Bonggol,26000,Kotamadya Yogyakarta
967,2023-05-15,Cabe Rawit Merah,25000,Kabupaten Bantul
968,2023-05-15,Beras premium,11800,Kabupaten Gunung Kidul
969,2023-05-15,Minyak Goreng Curah,15000,Provinsi D I Yogyakarta
970,2023-04-27,Beras Medium,11300,Kabupaten Gunung Kidul
971,2023-04-27,Beras Termurah,9400,Kotamadya Yogyakarta
972,2023-04-27,Gula Pasir,13500,Kabupaten Sleman
973,2023-04-27,Minyak Goreng Kemasan,15000,Kabupaten Sleman
974,2023-04-27,Daging Ayam,43000,Kabupaten Kulon Progo
975,2023-04-27,Telur Ayam,28000,Kabupaten Gunung Kidul
976,2023-04-27,Daging Sapi,130000,Kabupaten Kulon Progo
977,2023-04-27,Bawang Merah,32000,Kabupaten Kulon Progo
978,2023-04-27,Cabe Merah Keriting,25000,Kabupaten Sleman
979,2023-04-27,Cabe Merah Besar,30000,Kabupaten Gunung Kidul
980,2023-04-27,Jagung,7000,Kabupaten Bantul
981,2023-04-27,Kedelai,13000,Kotamadya Yogyakarta
982,2023-04-27,Bawang Putih Kating,30000,Kotamadya Yogyakarta
983,2023-04-27,Terigu,10000,Kabupaten Gunung Kidul
984,2023-04-27,Ubi Jalar,5000,Kabupaten Bantul
985,2023-04-27,Bawang Bonggol,26000,Kabupaten Sleman
986,2023-04-27,Cabe Rawit Merah,25000,Provinsi D I Yogyakarta
987,2023-04-27,Beras premium,11800,Kabupaten Bantul
988,2023-04-27,Minyak Goreng Curah,14000,Kotamadya Yogyakarta
989,2023-04-24,Beras Medium,11300,Kabupaten Sleman
990,2023-04-24,Beras Termurah,9400,Kabupaten Sleman
991,2023-04-24,Gula Pasir,13500,Kabupaten Bantul
992,2023-04-24,Minyak Goreng Kemasan,15000,Kabupaten Bantul
993,2023-04-24,Daging Ayam,45000,Kabupaten Sleman
994,2023-04-24,Telur Ayam,28000,Kabupaten Kulon Progo
995,2023-04-24,Daging Sapi,140000,Kotamadya Yogyakarta
996,2023-04-24,Bawang Merah,32000,Kotamadya Yogyakarta
997,2023-04-24,Cabe Merah Keriting,40000,Kabupaten Kulon Progo
998,2023-04-24,Cabe Merah Besar,45000,Kabupaten Gunung Kidul
999,2023-04-24,Jagung,7000,Kabupaten Kulon Progo
1000,2023-04-24,Kedelai,13000,Kabupaten Sleman
